Symbol,Total_PnL,Avg_PnL,Trade_Count,Strategy
AAPL,2052.6428399999795,410.5285679999959,5,SHORT
ABBV,1923.0508199999986,384.6101639999997,5,SHORT
ABT,-389.5134599999979,-389.5134599999979,1,SHORT
ACAD,424.6603199999987,424.6603199999987,1,SHORT
ACN,447.46540000001613,74.57756666666936,6,SHORT
ADBE,755.7042100000024,75.57042100000024,10,SHORT
ADI,222.6801049999906,222.6801049999906,1,SHORT
ADP,2264.714629999954,323.5306614285649,7,SHORT
ADSK,1138.8720500000081,379.6240166666694,3,SHORT
AGIO,1259.9468900000227,419.98229666667424,3,SHORT
AIZ,1216.5491600000187,304.13729000000467,4,SHORT
AJG,1.8378799999768631,0.2297349999971079,8,SHORT
ALB,-2909.9079699999975,-1454.9539849999987,2,SHORT
ALGN,2374.588839999999,1187.2944199999995,2,SHORT
ALL,458.8818150000032,229.4409075000016,2,SHORT
ALLE,5050.083120000007,2525.0415600000033,2,SHORT
ALNY,5905.056019999962,268.41163727272556,22,SHORT
AMAT,-1670.3137100000151,-835.1568550000076,2,SHORT
AMD,-1325.1137950000038,-132.51137950000037,10,SHORT
AMGN,1068.0446650000927,106.80446650000927,10,SHORT
AMLP,86.7718499999969,86.7718499999969,1,SHORT
AMP,1427.1088549999904,118.92573791666587,12,SHORT
AMT,158.40039000002065,158.40039000002065,1,SHORT
AMZN,-766.6741899999931,-255.55806333333103,3,SHORT
ANET,-956.3018000000027,-956.3018000000027,1,SHORT
AON,2429.586099999977,303.6982624999971,8,SHORT
AOS,158.32537500000706,158.32537500000706,1,SHORT
APD,-90.24541500003352,-15.040902500005586,6,SHORT
APP,4103.184014999986,215.9570534210519,19,SHORT
APTV,341.7149200000043,113.90497333333478,3,SHORT
ARE,-681.181950000004,-340.590975000002,2,SHORT
ARM,1246.3585549999898,415.45285166666326,3,SHORT
ASML,3438.4992449999904,191.0277358333328,18,SHORT
AVB,1624.499280000004,812.249640000002,2,SHORT
AVGO,-2359.4476300000238,-262.1608477777804,9,SHORT
AVY,1308.2958749999962,654.1479374999981,2,SHORT
AWK,-69.50008999998954,-23.16669666666318,3,SHORT
AXON,11136.705854999866,484.2046023912985,23,SHORT
AXP,950.5215199999981,237.63037999999952,4,SHORT
AXSM,30.344269999976234,30.344269999976234,1,SHORT
AZO,3683.4268499999666,460.42835624999583,8,SHORT
BA,-535.9479550000002,-107.18959100000004,5,SHORT
BABA,2865.4729750000156,358.18412187500195,8,SHORT
BDX,-35.04943000000026,-17.52471500000013,2,SHORT
BIDU,2100.419999999989,2100.419999999989,1,SHORT
BIIB,1345.3090199999988,672.6545099999994,2,SHORT
BKNG,7226.30970000002,656.9372454545472,11,SHORT
BLDR,2760.077265000013,394.296752142859,7,SHORT
BLK,-325.532350000008,-32.553235000000804,10,SHORT
BOOT,-73.30624000001171,-8.145137777779079,9,SHORT
BR,200.6402549999754,50.16006374999385,4,SHORT
BX,1871.4654599999944,1871.4654599999944,1,SHORT
BXP,29.79899999998402,29.79899999998402,1,SHORT
BYND,5006.590060000011,1251.6475150000028,4,SHORT
BZH,2010.3062600000067,502.57656500000166,4,SHORT
BZUN,4048.2543300000043,4048.2543300000043,1,SHORT
CAH,1888.7881999999986,629.5960666666662,3,SHORT
CAR,3212.112825000105,321.2112825000105,10,SHORT
CAT,1850.9929799999481,205.6658866666609,9,SHORT
CB,-280.87295500001136,-70.21823875000284,4,SHORT
CDNS,2239.673909999974,248.8526566666638,9,SHORT
CDW,-1895.5636900000204,-631.8545633333401,3,SHORT
CEG,2489.0087150000245,138.2782619444458,18,SHORT
CGNX,-1980.3684250000172,-990.1842125000086,2,SHORT
CHTR,2588.2714599999927,161.76696624999954,16,SHORT
CI,8204.247964999955,911.5831072222172,9,SHORT
CMCSA,-34.77450000001028,-34.77450000001028,1,SHORT
CME,-399.22122000000024,-99.80530500000006,4,SHORT
CMI,1171.274759999992,234.2549519999984,5,SHORT
COF,-1443.8827100000042,-1443.8827100000042,1,SHORT
COIN,4545.983755000054,284.12398468750337,16,SHORT
COO,-282.8383599999951,-282.8383599999951,1,SHORT
COP,-550.9251600000077,-550.9251600000077,1,SHORT
COR,-470.9756799999899,-78.49594666666498,6,SHORT
COST,8192.581479999983,199.81906048780445,41,SHORT
CPAY,-37.90194000000321,-5.4145628571433155,7,SHORT
CPB,-41.22601000000477,-41.22601000000477,1,SHORT
CPRT,-322.2225999999915,-322.2225999999915,1,SHORT
CRL,744.9269999999949,248.3089999999983,3,SHORT
CRM,987.5516899999902,164.59194833333171,6,SHORT
CRWD,7418.974604999996,285.34517711538444,26,SHORT
CSGP,-49.47910000000462,-49.47910000000462,1,SHORT
CSIQ,9094.429999999977,4547.214999999988,2,SHORT
CTAS,163.6982100000126,163.6982100000126,1,SHORT
CVX,1003.9399999999912,1003.9399999999912,1,SHORT
DASH,885.5553450000255,221.38883625000636,4,SHORT
DD,950.2407100000104,950.2407100000104,1,SHORT
DDOG,459.913549999991,229.9567749999955,2,SHORT
DE,1065.7186500000032,96.88351363636393,11,SHORT
DELL,1043.0950000000093,1043.0950000000093,1,SHORT
DGX,214.30241999999458,107.15120999999729,2,SHORT
DHI,3614.3275999999855,903.5818999999964,4,SHORT
DHR,1374.1012350000237,687.0506175000119,2,SHORT
DIA,91.10200000001358,91.10200000001358,1,SHORT
DLR,307.90794999999406,307.90794999999406,1,SHORT
DOW,1901.7656000000031,950.8828000000016,2,SHORT
DPZ,-354.93364000002555,-23.66224266666837,15,SHORT
DRI,-1766.6600649999932,-883.3300324999966,2,SHORT
DUST,155.7961350000136,155.7961350000136,1,SHORT
DVN,-1344.2237799999998,-448.07459333333327,3,SHORT
DXCM,-1567.772190000006,-1567.772190000006,1,SHORT
EDIT,912.6150000000075,912.6150000000075,1,SHORT
EFX,-268.68831499999317,-53.73766299999863,5,SHORT
EG,-1170.154304999974,-195.0257174999957,6,SHORT
EL,1123.0749999999916,1123.0749999999916,1,SHORT
ELV,4909.403595000007,306.83772468750044,16,SHORT
EME,1371.5721300000173,114.29767750000144,12,SHORT
EOG,-349.8120000000029,-349.8120000000029,1,SHORT
EQIX,444.45134000002156,31.746524285715825,14,SHORT
ERIE,-469.1059200000436,-117.2764800000109,4,SHORT
ESS,-220.65940999998674,-110.32970499999337,2,SHORT
ETN,2479.4506000000056,826.4835333333352,3,SHORT
EWZ,-398.7446399999945,-398.7446399999945,1,SHORT
EXAS,1608.3907349999893,804.1953674999946,2,SHORT
EXE,949.3200000000027,949.3200000000027,1,SHORT
FANG,491.1044850000088,122.7761212500022,4,SHORT
FDS,4939.850264999974,493.9850264999974,10,SHORT
FDX,1120.115389999984,280.028847499996,4,SHORT
FFIV,-539.0477199999798,-89.8412866666633,6,SHORT
FICO,8226.786050000008,1175.255150000001,7,SHORT
GDX,2280.4293099999886,760.1431033333296,3,SHORT
GE,-797.7787250000212,-159.55574500000424,5,SHORT
GILD,-56.133999999993875,-56.133999999993875,1,SHORT
GLD,1584.259014999985,316.851802999997,5,SHORT
GME,5029.946479999997,838.3244133333328,6,SHORT
GOOG,-483.28034999998556,-161.0934499999952,3,SHORT
GOOGL,2301.423654999965,255.71373944444056,9,SHORT
GS,2506.934895000001,147.4667585294118,17,SHORT
HD,2403.4336499999995,184.8795115384615,13,SHORT
HON,-311.7668649999895,-155.88343249999474,2,SHORT
HPQ,3064.6670700000304,766.1667675000076,4,SHORT
IAU,1474.8431400000168,737.4215700000084,2,SHORT
IBB,-361.5869799999914,-361.5869799999914,1,SHORT
IBM,795.1811199999268,88.35345777776963,9,SHORT
IDXX,4179.038535000017,278.60256900000115,15,SHORT
INTC,569.7774650000135,189.92582166667117,3,SHORT
INTU,3191.754244999994,102.95981435483853,31,SHORT
ISRG,7940.990194999965,294.1107479629617,27,SHORT
IWM,547.8838549999962,273.9419274999981,2,SHORT
JNJ,285.1428700000079,142.57143500000396,2,SHORT
JPM,1916.832990000045,239.6041237500056,8,SHORT
KLAC,3815.3939900000137,158.9747495833339,24,SHORT
L,-504.1850799999973,-504.1850799999973,1,SHORT
LIN,3002.9056300000093,300.29056300000093,10,SHORT
LLY,8683.251525000016,271.3516101562505,32,SHORT
LRCX,-603.0471099999788,-201.0157033333263,3,SHORT
LULU,8447.840134999999,1206.8343049999999,7,SHORT
MA,3126.2899000000234,208.41932666666824,15,SHORT
MAR,-862.7703949999581,-215.69259874998951,4,SHORT
MCD,873.7634049999875,97.0848227777764,9,SHORT
MELI,12117.897299999919,448.8110111111081,27,SHORT
META,4535.420579999971,188.9758574999988,24,SHORT
MNST,-28.533409999992855,-28.533409999992855,1,SHORT
MSFT,1910.8715350000216,191.08715350000216,10,SHORT
MSTR,6122.44389499997,226.7571812962952,27,SHORT
MU,-3543.282455000011,-885.8206137500027,4,SHORT
NEE,-121.78650000002563,-60.89325000001281,2,SHORT
NFLX,3254.2663999999922,108.4755466666664,30,SHORT
NOW,12646.88537999994,436.0994958620669,29,SHORT
NVDA,3382.086199999976,1691.043099999988,2,SHORT
NXPI,427.3586600000109,142.4528866666703,3,SHORT
ODFL,874.6061850000402,291.5353950000134,3,SHORT
ORCL,8361.951499999972,522.6219687499982,16,SHORT
ORLY,-429.3114900000018,-429.3114900000018,1,SHORT
PANW,-1007.5111700000064,-251.8777925000016,4,SHORT
PAYX,86.76025499999366,21.690063749998416,4,SHORT
PDD,1325.8128600000057,1325.8128600000057,1,SHORT
PEP,-1085.7610049999853,-361.9203349999951,3,SHORT
PG,282.91892999999914,141.45946499999957,2,SHORT
PLTR,-1781.5184799999906,-254.50263999999865,7,SHORT
PM,-355.1822450000026,-177.5911225000013,2,SHORT
QQQ,-185.50728999999228,-92.75364499999614,2,SHORT
REGN,4260.150059999967,163.85192538461413,26,SHORT
ROP,1754.8998599999625,194.98887333332917,9,SHORT
ROST,288.18750000000904,288.18750000000904,1,SHORT
SHOP,984.9402650000203,328.31342166667343,3,SHORT
SHW,2618.437565,238.03977863636365,11,SHORT
SMG,621.6509200000017,621.6509200000017,1,SHORT
SMH,-673.6025349999924,-673.6025349999924,1,SHORT
SNPS,8750.53612999995,380.45809260869345,23,SHORT
SPOT,8027.683270000014,200.69208175000034,40,SHORT
SPXS,1038.8481000000088,1038.8481000000088,1,SHORT
SQQQ,2062.263794999992,2062.263794999992,1,SHORT
STX,-648.1426449999963,-162.03566124999907,4,SHORT
TEAM,20922.81069499997,1743.5675579166643,12,SHORT
TLT,-5.474309999981301,-5.474309999981301,1,SHORT
TMO,4852.916624999996,303.30728906249976,16,SHORT
TMUS,5399.556340000012,1079.9112680000023,5,SHORT
TRI,348.4767300000089,348.4767300000089,1,SHORT
TRV,45.95827999999807,7.659713333333012,6,SHORT
TSLA,6261.17654500001,272.2250671739135,23,SHORT
TTD,-850.3622999999972,-850.3622999999972,1,SHORT
TTWO,-880.4888399999469,-97.83209333332744,9,SHORT
TWLO,2776.958229999995,1388.4791149999976,2,SHORT
TXN,-308.9108200000061,-308.9108200000061,1,SHORT
UAL,406.46580000000097,406.46580000000097,1,SHORT
UBER,-1180.8050999999957,-590.4025499999979,2,SHORT
UNH,4395.866325000008,366.3221937500007,12,SHORT
UNP,1499.7416399999945,499.9138799999982,3,SHORT
URI,7437.502230000043,437.50013117647313,17,SHORT
V,1896.8914799999948,474.2228699999987,4,SHORT
VRSK,9672.525705,1074.7250783333334,9,SHORT
VRTX,1884.9266250000387,117.80791406250242,16,SHORT
W,-2005.1606399999976,-2005.1606399999976,1,SHORT
WDAY,2255.192965000022,225.5192965000022,10,SHORT
WYNN,1438.3368499999747,359.58421249999367,4,SHORT
XOM,294.82263999999293,147.41131999999646,2,SHORT
XOP,308.2049999999982,308.2049999999982,1,SHORT
